last_name, first_name,player_id,year,b_total_pa,sprint_speed,
Pujols, Albert,405395,2022,351,22.6,
Cabrera, Miguel,408234,2022,433,23.1,
Molina, Yadier,425877,2022,270,21.8,
Cano, Robinson,429664,2022,104,24.3,
Suzuki, Kurt,435559,2022,159,24.2,
Cruz Jr., Nelson,443558,2022,507,25.5,
Peralta, David,444482,2022,490,27.6,
Escobar, Alcides,444876,2022,131,28.2,
Longoria, Evan,446334,2022,298,25.3,
Blackmon, Charlie,453568,2022,577,27.9,
Maldonado, Martin,455117,2022,379,22.3,
Chirinos, Robinson,455139,2022,220,23.7,
Cain, Lorenzo,456715,2022,156,28.3,
Solano, Donovan,456781,2022,304,25.8,
McCutchen, Andrew,457705,2022,580,28.9,
Upton, Justin,457708,2022,57,27.1,
Turner, Justin,457759,2022,532,25.0,
Votto, Joey,458015,2022,376,25.3,
Andrus, Elvis,462101,2022,577,26.0,
Santana, Carlos,467793,2022,506,25.8,
Belt, Brandon,474832,2022,298,24.3,
Lowrie, Jed,476704,2022,184,25.0,
Brantley Jr., Michael,488726,2022,277,25.2,
Castro, Jason,488771,2022,88,26.3,
Gurriel, Yuli,493329,2022,584,26.8,
Rojas, Miguel,500743,2022,507,26.4,
Escobar, Eduardo,500871,2022,542,27.9,
Adrianza, Ehire,501303,2022,110,26.5,
Lagares, Juan,501571,2022,62,27.5,
Pham, Tommy,502054,2022,622,27.9,
Martinez, J.D.,502110,2022,596,26.1,
Goldschmidt, Paul,502671,2022,651,26.2,
Gonzalez, Marwin,503556,2022,207,26.3,
Leon, Sandy,506702,2022,86,23.6,
Altuve, Jose,514888,2022,604,27.9,
Hernandez, Cesar,514917,2022,617,28.3,
Segura, Jean,516416,2022,387,27.7,
Marte, Starling,516782,2022,505,28.0,
Culberson, Charlie,518586,2022,124,27.9,
d'Arnaud, Travis,518595,2022,426,26.1,
Donaldson, Josh,518626,2022,546,25.6,
Freeman, Freddie,518692,2022,708,26.9,
Grandal, Yasmani,518735,2022,376,22.0,
Heyward, Jason,518792,2022,151,27.0,
LeMahieu, DJ,518934,2022,541,26.4,
Moustakas, Mike,519058,2022,285,25.0,
Rizzo, Anthony,519203,2022,548,25.5,
Romine, Austin,519222,2022,136,24.8,
Stanton, Giancarlo,519317,2022,452,24.4,
Vogt, Stephen,519390,2022,191,25.7,
Perez, Salvador,521692,2022,473,25.3,
Flores, Wilmer,527038,2022,602,25.2,
Garcia, Avisail,541645,2022,380,28.3,
Bethancourt, Christian,542194,2022,333,28.1,
Ozuna, Marcell,542303,2022,507,26.6,
Villar, Jonathan,542340,2022,220,26.8,
Ortega, Rafael,542364,2022,371,27.0,
Aguilar, Jesus,542583,2022,507,23.9,
Berti, Jon,542932,2022,404,29.6,
Crawford, Brandon,543063,2022,458,25.3,
Cron, C.J.,543068,2022,632,25.2,
Gomes, Yan,543228,2022,293,26.3,
Grossman, Robbie,543257,2022,477,27.9,
Harrison, Josh,543281,2022,425,27.0,
Hicks, Aaron,543305,2022,453,27.9,
Higashioka, Kyle,543309,2022,248,25.9,
Hosmer, Eric,543333,2022,419,25.8,
McCann, James,543510,2022,191,26.1,
Miller, Brad,543543,2022,241,27.1,
Nola, Austin,543592,2022,397,26.5,
Rendon, Anthony,543685,2022,193,26.2,
Semien, Marcus,543760,2022,724,28.9,
Springer III, George,543807,2022,583,28.3,
Strange-Gordon, Dee,543829,2022,59,28.4,
Vazquez, Christian,543877,2022,426,25.5,
Wong, Kolten,543939,2022,497,26.0,
Gregorius, Didi,544369,2022,232,27.3,
Garcia, Leury,544725,2022,315,28.4,
Vargas, Ildemaro,545121,2022,222,27.1,
Grichuk, Randal,545341,2022,538,28.0,
Marisnick, Jake,545350,2022,82,28.7,
Stassi, Max,545358,2022,375,25.6,
Trout, Mike,545361,2022,499,29.4,
Herrera, Odubel,546318,2022,197,26.9,
Almora Jr., Albert,546991,2022,235,27.6,
Harper, Bryce,547180,2022,426,27.6,
Perez, Roberto,547379,2022,69,24.8,
Abreu, Jose,547989,2022,679,26.0,
Diaz, Elias,553869,2022,381,26.1,
Narvaez, Omar,553882,2022,296,24.1,
Astudillo, Willians,553902,2022,55,24.4,
Suarez, Eugenio,553993,2022,629,25.7,
Urshela, Gio,570482,2022,551,25.8,
Schoop, Jonathan,570731,2022,510,27.0,
Arenado, Nolan,571448,2022,620,25.5,
Barnhart, Tucker,571466,2022,308,23.8,
Farmer, Kyle,571657,2022,583,26.8,
Haniger, Mitch,571745,2022,247,26.9,
Hernandez, Enrique,571771,2022,402,26.9,
Lamb, Jake,571875,2022,111,26.1,
Maile, Luke,571912,2022,206,25.5,
Muncy, Max,571970,2022,565,27.2,
Myers, Wil,571976,2022,286,28.2,
Naquin, Tyler,571980,2022,334,27.7,
Owings, Chris,572008,2022,68,27.8,
Piscotty, Stephen,572039,2022,139,25.0,
Pollock, AJ,572041,2022,527,27.8,
Taylor, Michael A.,572191,2022,456,28.7,
Thompson, Trayce,572204,2022,255,27.8,
Voit III, Luke,572228,2022,568,24.7,
Walker, Christian,572233,2022,667,26.6,
Zunino, Mike,572287,2022,123,25.5,
Carpenter, Matt,572761,2022,154,26.1,
Dickerson, Corey,572816,2022,297,27.0,
Ruf, Darin,573131,2022,388,25.7,
Yastrzemski, Mike,573262,2022,558,27.0,
Contreras, Willson,575929,2022,487,27.6,
Iglesias, Jose,578428,2022,467,28.4,
Bryant, Kris,592178,2022,181,27.3,
Canha, Mark,592192,2022,542,27.5,
Casali, Curt,592200,2022,176,24.6,
Castellanos, Nick,592206,2022,558,27.6,
Drury, Brandon,592273,2022,568,27.0,
Gamel, Ben,592325,2022,423,27.9,
Judge, Aaron,592450,2022,696,27.3,
Machado, Manny,592518,2022,644,26.3,
Moran, Colin,592567,2022,128,24.0,
Pederson, Joc,592626,2022,433,26.0,
Realmuto, J.T.,592663,2022,562,28.7,
Renfroe, Hunter,592669,2022,522,27.1,
Rosario, Eddie,592696,2022,270,27.6,
Simmons, Andrelton,592743,2022,85,26.7,
Yelich, Christian,592885,2022,671,28.1,
Merrifield, Whit,593160,2022,550,28.7,
Bogaerts, Xander,593428,2022,631,27.9,
Alberto, Hanser,593643,2022,159,26.0,
Polanco, Jorge,593871,2022,445,28.2,
Sano, Miguel,593934,2022,71,26.7,
Calhoun, Kole,594777,2022,424,25.3,
Duvall, Adam,594807,2022,315,27.9,
Gosselin, Phil,594838,2022,77,28.8,
Kiermaier, Kevin,595281,2022,221,29.2,
Alfaro, Jorge,595751,2022,274,28.7,
Profar, Jurickson,595777,2022,658,26.6,
Baez, Javier,595879,2022,590,27.9,
Cave, Jake,595909,2022,177,28.0,
Hedges, Austin,595978,2022,338,24.4,
Lindor, Francisco,596019,2022,706,27.5,
Odor, Rougned,596059,2022,472,27.0,
Slater, Austin,596103,2022,325,28.2,
Story, Trevor,596115,2022,396,28.5,
Stubbs, Garrett,596117,2022,121,27.3,
Vogelbach, Daniel,596129,2022,461,23.9,
Sanchez, Gary,596142,2022,471,25.1,
Kepler, Max,596146,2022,446,27.9,
Quinn, Roman,596451,2022,87,29.6,
Franco, Maikel,596748,2022,388,25.5,
Choi, Ji-Man,596847,2022,419,25.0,
Bradley Jr., Jackie,598265,2022,370,27.0,
La Stella, Tommy,600303,2022,195,24.9,
Candelario, Jeimer,600869,2022,467,27.3,
Daza, Yonathan,602074,2022,408,28.2,
Urias, Ramon,602104,2022,445,26.7,
Ahmed, Nick,605113,2022,54,27.9,
Anderson, Brian,605119,2022,383,27.5,
Barnes, Austin,605131,2022,212,26.7,
Bell, Josh,605137,2022,647,26.2,
Betts, Mookie,605141,2022,639,27.3,
Caratini, Victor,605170,2022,314,24.9,
Davis, J.D.,605204,2022,365,26.5,
Garcia, Aramis,605244,2022,115,26.0,
Machin, Vimael,605353,2022,253,25.5,
Perez, Michael,605421,2022,132,24.4,
Zimmer, Bradley,605548,2022,117,29.2,
Castro, Harold,605612,2022,443,26.2,
Arcia, Orlando,606115,2022,234,26.5,
Tapia, Raimel,606132,2022,433,28.2,
Aquino, Aristides,606157,2022,276,28.8,
Hernandez, Teoscar,606192,2022,535,28.6,
Mercedes, Yermin,606213,2022,83,25.9,
Marte, Ketel,606466,2022,558,27.0,
Haase, Eric,606992,2022,351,27.9,
Hager, Jake,606993,2022,59,27.2,
Nimmo, Brandon,607043,2022,673,28.7,
Peterson, Jace,607054,2022,328,28.5,
Turner, Trea,607208,2022,708,30.3,
Stallings, Jacob,607732,2022,384,23.7,
Ramirez, Jose,608070,2022,685,28.5,
Bregman, Alex,608324,2022,656,26.5,
Gallo, Joey,608336,2022,410,27.1,
Kelly, Carson,608348,2022,354,25.6,
Seager, Corey,608369,2022,663,26.1,
Winker, Jesse,608385,2022,547,25.4,
Mazara, Nomar,608577,2022,171,26.3,
Jankowski, Travis,608671,2022,64,29.0,
Mayfield, Jack,608686,2022,74,27.3,
Plawecki, Kevin,608700,2022,186,24.8,
Refsnyder, Rob,608701,2022,177,27.1,
Reynolds, Matt,608703,2022,272,27.4,
Meneses, Joey,608841,2022,240,25.8,
Mondesi, Adalberto,609275,2022,54,27.4,
Andujar, Miguel,609280,2022,140,27.4,
Vosler, Jason,613564,2022,111,26.7,
Cordero, Franchy,614173,2022,275,28.6,
Reyes, Franmil,614177,2022,473,26.0,
Torrens, Luis,620443,2022,166,26.0,
Swanson, Dansby,621020,2022,696,28.4,
Newman, Kevin,621028,2022,309,27.9,
Taylor, Chris,621035,2022,454,28.5,
Correa, Carlos,621043,2022,590,27.1,
Phillips, Brett,621433,2022,225,28.9,
Taylor, Tyrone,621438,2022,405,28.5,
Buxton, Byron,621439,2022,382,29.1,
Bolt, Skye,621450,2022,116,27.8,
Duggar, Steven,621453,2022,80,28.0,
Rios, Edwin,621458,2022,92,25.3,
Ward, Taylor,621493,2022,564,28.4,
Nido, Tomas,621512,2022,313,25.6,
Bemboom, Anthony,621532,2022,59,26.9,
Wisdom, Patrick,621550,2022,534,27.8,
Wendle, Joey,621563,2022,371,27.3,
Olson, Matt,621566,2022,699,26.3,
Duffy, Matt,622110,2022,247,26.8,
Munoz, Yairo,622168,2022,60,28.6,
Walton, Donovan,622268,2022,78,27.6,
Margot, Manuel,622534,2022,363,27.9,
Camargo, Johan,622666,2022,166,24.8,
Reyes, Victor,622682,2022,336,27.5,
Mateo, Jorge,622761,2022,533,30.1,
Heineman, Tyler,623168,2022,174,26.7,
Velazquez, Andrew,623205,2022,349,29.2,
Bote, David,623520,2022,127,26.7,
Ramirez, Harold,623912,2022,435,28.1,
Santander, Anthony,623993,2022,647,26.4,
Alonso, Pete,624413,2022,685,25.6,
Arroyo, Christian,624414,2022,300,27.8,
Biggio, Cavan,624415,2022,303,28.5,
Frazier, Adam,624428,2022,602,26.8,
Trevino, Jose,624431,2022,353,25.1,
Gordon, Nick,624503,2022,443,27.8,
McGuire, Reese,624512,2022,274,26.0,
Soler, Jorge,624585,2022,306,26.9,
Sosa, Edmundo,624641,2022,190,29.5,
Heredia, Guillermo,628338,2022,82,28.0,
Hernandez, Yadiel,628450,2022,327,25.6,
Ibanez, Andy,628451,2022,128,27.5,
Cronenworth, Jake,630105,2022,684,28.2,
Meadows, Austin,640457,2022,147,27.2,
Mercado, Oscar,640458,2022,128,28.3,
Pinder, Chad,640461,2022,379,25.9,
Azocar, Jose,640492,2022,216,29.5,
Anderson, Tim,641313,2022,351,28.3,
Bellinger, Cody,641355,2022,550,28.1,
Calhoun, Willie,641432,2022,62,25.9,
Collins, Zack,641470,2022,108,24.2,
Crawford, J.P.,641487,2022,603,26.9,
Davis, Jonathan,641505,2022,91,28.1,
Delay, Jason,641511,2022,167,26.1,
Demeritte, Travis,641513,2022,96,28.3,
Dozier, Hunter,641531,2022,500,27.9,
Engel, Adam,641553,2022,260,29.1,
Fraley, Jake,641584,2022,247,28.0,
Garver, Mitch,641598,2022,215,26.3,
Guillorme, Luis,641645,2022,335,25.9,
Hampson, Garrett,641658,2022,226,29.5,
Heim, Jonah,641680,2022,450,26.0,
Hermosillo, Michael,641684,2022,73,28.5,
Leblanc, Charles,641779,2022,169,28.0,
Lewis, Kyle,641786,2022,62,24.1,
Mancini III, Trey,641820,2022,587,25.5,
McKinney, Billy,641856,2022,57,27.0,
McMahon, Ryan,641857,2022,597,25.8,
Neuse, Sheldon,641914,2022,293,26.4,
O'Neill, Tyler,641933,2022,383,29.8,
Robinson, Chuckie,642020,2022,60,26.5,
Smith, Dominic,642086,2022,152,26.3,
Tellez, Rowdy,642133,2022,599,23.9,
Thaiss, Matt,642136,2022,81,24.4,
VanMeter, Josh,642165,2022,192,26.1,
Wade, Tyler,642180,2022,163,29.0,
White, Eli,642201,2022,117,30.1,
Mejia, Francisco,642336,2022,299,26.9,
Siri, Jose,642350,2022,325,30.4,
Sierra, Magneuris,642423,2022,96,29.6,
Barrera, Luis,642456,2022,85,28.5,
Rosario, Amed,642708,2022,670,29.5,
Adames, Willy,642715,2022,617,27.8,
Alcantara, Sergio,642727,2022,224,27.6,
Estrada, Thairo,642731,2022,541,28.3,
Wynns, Austin,642851,2022,177,24.9,
Benintendi, Andrew,643217,2022,521,27.5,
Cooper, Garrett,643265,2022,469,26.2,
Dubon, Mauricio,643289,2022,265,28.2,
Jansen, Danny,643376,2022,248,27.5,
Kemp, Tony,643393,2022,558,26.2,
Kiner-Falefa, Isiah,643396,2022,531,28.4,
McNeil, Jeff,643446,2022,589,27.4,
Schwindel, Frank,643524,2022,292,25.5,
Chang, Yu,644374,2022,190,28.4,
Albies, Ozzie,645277,2022,269,27.5,
Robles, Victor,645302,2022,407,28.7,
Herrera, Jose,645444,2022,124,25.3,
Ford, Mike,645801,2022,149,24.2,
Devers, Rafael,646240,2022,614,25.5,
Naylor, Josh,647304,2022,498,25.2,
Toro, Abraham,647351,2022,352,28.0,
Diaz, Aledmys,649557,2022,327,27.7,
Urias, Luis,649966,2022,472,26.4,
Diaz, Lewin,650331,2022,174,24.6,
Arraez, Luis,650333,2022,603,26.8,
Palacios, Jermaine,650339,2022,77,28.4,
Jimenez, Eloy,650391,2022,327,25.7,
Torres, Gleyber,650402,2022,572,26.9,
Castro, Willi,650489,2022,392,28.4,
Diaz, Yandy,650490,2022,558,27.1,
De La Cruz, Bryan,650559,2022,355,27.8,
Viloria, Meibrys,650619,2022,75,25.4,
Rengifo, Luis,650859,2022,511,27.9,
Pinto, Rene,650907,2022,83,26.9,
Adams, Riley,656180,2022,155,26.7,
Allen, Greg,656185,2022,134,28.1,
Bouchard, Sean,656248,2022,97,28.0,
Chapman, Matt,656305,2022,621,28.4,
Chavis, Michael,656308,2022,426,28.9,
Fairchild, Stuart,656413,2022,110,29.0,
Garrett, Stone,656448,2022,84,28.6,
Hill, Derek,656537,2022,92,29.7,
Hilliard, Sam,656541,2022,200,28.7,
Hoskins, Rhys,656555,2022,672,25.9,
Joe, Connor,656582,2022,467,26.8,
Luplow, Jordan,656669,2022,234,27.8,
Matijevic, J.J.,656695,2022,71,26.7,
McKinstry, Zach,656716,2022,185,28.3,
Mullins II, Cedric,656775,2022,672,28.5,
O'Hearn, Ryan,656811,2022,145,27.3,
Rivera, Emmanuel,656896,2022,359,26.9,
Schwarber, Kyle,656941,2022,669,26.4,
Smith, Pavin,656976,2022,277,26.5,
Thomas, Lane,657041,2022,548,29.4,
Tucker, Cole,657061,2022,63,27.7,
Verdugo, Alex,657077,2022,644,26.8,
Wong, Connor,657136,2022,56,28.8,
DeJong, Paul,657557,2022,237,27.8,
Laureano, Ramon,657656,2022,383,27.6,
Papierski, Michael,657709,2022,103,24.8,
Sheets, Gavin,657757,2022,410,26.6,
Olivares, Edward,658668,2022,174,28.6,
Moncada, Yoan,660162,2022,433,27.4,
Ohtani, Shohei,660271,2022,666,28.3,
Tsutsugo, Yoshi,660294,2022,193,26.0,
Castillo, Diego,660636,2022,283,27.3,
Brujan, Vidal,660644,2022,162,28.5,
Garcia, Dermis,660650,2022,125,27.4,
Acuna Jr., Ronald,660670,2022,533,28.4,
Ruiz, Keibert,660688,2022,433,25.3,
Montero, Elehuris,660707,2022,185,26.9,
Gonzalez, Oscar,660757,2022,382,28.9,
Yepez, Juan,660766,2022,274,26.8,
Sanchez, Jesus,660821,2022,343,27.3,
Park, Hoy,660829,2022,60,27.6,
Contreras, William,661388,2022,376,26.9,
Serven, Brian,661531,2022,205,26.5,
Varsho, Daulton,662139,2022,592,28.0,
Nootbaar, Lars,663457,2022,347,28.2,
Nevin, Tyler,663527,2022,184,25.6,
Hoerner, Nico,663538,2022,517,29.1,
Riley, Austin,663586,2022,693,27.7,
Madrigal, Nick,663611,2022,228,27.4,
Larnach, Trevor,663616,2022,180,27.0,
Mountcastle, Ryan,663624,2022,609,27.5,
McKenna, Ryan,663630,2022,172,29.4,
Hayes, Ke'Bryan,663647,2022,560,27.9,
Tucker, Kyle,663656,2022,609,26.5,
Cameron, Daz,663662,2022,70,28.5,
India, Jonathan,663697,2022,431,27.7,
Bart, Joey,663698,2022,291,27.1,
Raleigh, Cal,663728,2022,415,26.8,
Fortes, Nick,663743,2022,240,27.9,
Grisham, Trent,663757,2022,524,28.8,
Vierling, Matt,663837,2022,357,29.6,
Rivas III, Alfonso,663845,2022,287,26.2,
Gonzalez, Romy,663853,2022,109,28.5,
Stephenson, Tyler,663886,2022,183,26.5,
Williams, Luke,663897,2022,136,28.8,
Rodgers, Brendan,663898,2022,581,26.7,
Lowe, Nathaniel,663993,2022,645,27.1,
Happ, Ian,664023,2022,641,27.9,
Mathias, Mark,664029,2022,91,27.6,
France, Ty,664034,2022,613,24.7,
Lowe, Brandon,664040,2022,266,27.5,
Bader, Harrison,664056,2022,313,29.2,
Fletcher, David,664058,2022,228,26.1,
Haggerty, Sam,664059,2022,201,28.9,
Moore, Dylan,664238,2022,255,28.3,
Garlick, Kyle,664247,2022,162,26.6,
Lopez, Alejo,664670,2022,156,26.6,
Straw, Myles,664702,2022,596,29.3,
Isbel, Kyle,664728,2022,278,28.0,
Higgins, P.J.,664731,2022,229,26.4,
Bohm, Alec,664761,2022,631,27.0,
Wade Jr., LaMonte,664774,2022,251,26.0,
Mazeika, Patrick,664850,2022,72,24.1,
Zavala, Seby,664874,2022,205,25.8,
Mendick, Danny,664901,2022,106,26.0,
Brown, Seth,664913,2022,555,27.9,
McCarthy, Jake,664983,2022,354,30.1,
Clemens, Kody,665019,2022,127,27.3,
Walsh, Jared,665120,2022,454,25.9,
Maton, Nick,665155,2022,85,26.6,
Pena, Jeremy,665161,2022,558,29.4,
Celestino, Gilberto,665482,2022,347,27.9,
Guerrero Jr., Vladimir,665489,2022,706,26.6,
Pache, Cristian,665506,2022,260,28.6,
Soto, Juan,665742,2022,664,26.6,
Taveras, Leody,665750,2022,341,29.5,
Cabrera, Oswaldo,665828,2022,171,27.4,
Cruz, Oneil,665833,2022,361,29.9,
Chisholm Jr., Jazz,665862,2022,241,29.2,
Gimenez, Andres,665926,2022,557,29.2,
Aranda, Jonathan,666018,2022,87,25.7,
Jones, Nolan,666134,2022,94,28.0,
Kirilloff, Alex,666135,2022,156,27.6,
Lowe, Josh,666139,2022,198,28.8,
Lux, Gavin,666158,2022,471,28.8,
Moniak, Mickey,666160,2022,112,28.2,
Adell, Jo,666176,2022,285,29.8,
Beer, Seth,666179,2022,126,24.7,
Benson, Will,666181,2022,61,29.3,
Bichette, Bo,666182,2022,697,27.5,
Carlson, Dylan,666185,2022,488,28.1,
Trammell, Taylor,666211,2022,117,27.0,
Encarnacion, Jerar,666464,2022,81,27.8,
Morel, Christopher,666624,2022,425,28.8,
Castro, Rodolfo,666801,2022,278,27.3,
Dalbec, Bobby,666915,2022,353,28.3,
Garcia, Adolis,666969,2022,657,27.9,
Gurriel Jr., Lourdes,666971,2022,493,27.3,
Arozarena, Randy,668227,2022,645,28.8,
Pratto, Nick,668472,2022,182,27.2,
Barrera, Tres,668663,2022,53,24.1,
Bleday, JJ,668709,2022,238,27.8,
Steer, Spencer,668715,2022,108,27.4,
Baddoo, Akil,668731,2022,225,28.9,
Mitchell, Cal,668751,2022,232,26.1,
Knizner, Andrew,668800,2022,293,25.8,
Reynolds, Bryan,668804,2022,614,28.3,
Capel, Conner,668843,2022,59,27.6,
Rutschman, Adley,668939,2022,470,27.2,
Rojas, Josh,668942,2022,510,27.3,
Kreidler, Ryan,668952,2022,84,28.3,
Mitchell, Garrett,669003,2022,68,30.2,
Melendez Jr., MJ,669004,2022,534,27.8,
Marsh, Brandon,669016,2022,461,28.9,
Stowers, Kyle,669065,2022,98,27.0,
Huff, Sam,669087,2022,132,27.0,
Langeliers, Shea,669127,2022,153,28.7,
Campusano, Luis,669134,2022,50,26.2,
Murphy, Sean,669221,2022,612,26.1,
Senzel, Nick,669222,2022,420,28.7,
Edman, Tommy,669242,2022,630,28.8,
Solak, Nick,669256,2022,95,28.7,
Smith, Will,669257,2022,578,27.5,
Suwinski, Jack,669261,2022,372,28.7,
Espinal, Santiago,669289,2022,491,27.0,
Miranda, Jose,669304,2022,483,26.2,
Thompson, Bubba,669352,2022,181,30.4,
Gorman, Nolan,669357,2022,313,26.9,
Hiura, Keston,669374,2022,266,27.5,
Burger, Jake,669394,2022,183,27.8,
Allen, Nick,669397,2022,326,27.7,
Hummel, Cooper,669450,2022,201,28.8,
Smith, Josh H.,669701,2022,253,28.2,
Hays, Austin,669720,2022,582,27.8,
Hall, Darick,669742,2022,142,26.3,
Call, Alex,669743,2022,131,28.4,
Toglia, Michael,669911,2022,120,28.3,
Lopez, Nicky,670032,2022,480,27.7,
Raley, Luke,670042,2022,72,29.1,
Wallner, Matt,670242,2022,65,28.4,
Stevenson, Cal,670276,2022,71,27.7,
Rojas, Jose,670351,2022,57,26.4,
Alvarez, Yordan,670541,2022,561,26.4,
Paredes, Isaac,670623,2022,381,26.2,
Brosseau, Mike,670712,2022,160,27.7,
Walls, Taylor,670764,2022,466,28.7,
Gonzalez, Luis,670768,2022,350,28.2,
Friedl Jr., TJ,670770,2022,258,28.2,
Soto, Livan,670869,2022,59,27.5,
Kennedy, Buddy,671083,2022,94,29.4,
Casas, Triston,671213,2022,95,24.9,
Waters, Drew,671221,2022,109,28.4,
Garcia, Luis,671277,2022,377,27.0,
Freeman, Tyler,671289,2022,86,28.1,
Harris II, Michael,671739,2022,441,29.4,
Kelenic, Jarred,672284,2022,181,27.5,
Arias, Gabriel,672356,2022,57,28.1,
Kirk, Alejandro,672386,2022,541,24.1,
Diaz, Jordan,672478,2022,51,26.2,
Moreno, Gabriel,672515,2022,73,27.4,
Perdomo, Geraldo,672695,2022,500,27.2,
Peraza, Oswald,672724,2022,57,28.9,
Marcano, Tucupita,672779,2022,177,28.8,
Robert, Luis,673357,2022,401,27.9,
Kim, Ha-Seong,673490,2022,582,28.4,
Suzuki, Seiya,673548,2022,446,28.3,
Jung, Josh,673962,2022,102,26.9,
Smith, Kevin,675656,2022,151,27.6,
Velazquez, Nelson,676369,2022,206,28.2,
Clement, Ernie,676391,2022,179,28.2,
Burleson, Alec,676475,2022,53,25.3,
Barrero, Jose,676480,2022,174,27.9,
Contreras, Mark,676628,2022,61,28.4,
Madris, Bligh,676632,2022,123,27.9,
Meyers, Jake,676694,2022,160,28.9,
Trejo, Alan,676701,2022,125,26.7,
McCormick, Chas,676801,2022,407,28.7,
MacKinnon, David,676950,2022,57,26.7,
Franco, Wander,677551,2022,344,27.8,
Rodriguez, Julio,677594,2022,560,29.7,
Duran, Ezequiel,677649,2022,220,29.1,
Thomas, Alek,677950,2022,411,29.4,
Witt Jr., Bobby,677951,2022,632,30.4,
Groshans, Jordan,677954,2022,65,26.3,
Vargas, Miguel,678246,2022,50,29.3,
Torkelson, Spencer,679529,2022,404,27.8,
Vavra, Terrin,679631,2022,103,27.1,
Palacios, Richie,680700,2022,123,27.9,
Kwan, Steven,680757,2022,638,28.4,
Duran, Jarren,680776,2022,223,29.2,
Jeffers, Ryan,680777,2022,236,26.0,
Burdick, Peyton,680814,2022,102,28.1,
Miller, Owen,680911,2022,472,29.0,
Donovan, Brendan,680977,2022,468,27.2,
Stott, Bryson,681082,2022,466,29.0,
Bride, Jonah,681146,2022,187,26.9,
Carpenter, Kerry,681481,2022,113,27.3,
Villar, David,681584,2022,181,26.7,
Eaton, Nate,681987,2022,122,29.7,
Abrams, CJ,682928,2022,302,29.0,
Greene, Riley,682985,2022,418,27.7,
Carroll, Corbin,682998,2022,115,30.7,
Henderson, Gunnar,683002,2022,132,29.1,
Stefanic, Michael,683021,2022,69,26.4,
Vaughn, Andrew,683734,2022,555,26.2,
Pasquantino, Vinnie,686469,2022,298,25.6,
Massey, Michael,686681,2022,194,27.1,
Grissom, Vaughn,687093,2022,156,27.7,
Pujols, Albert,405395,2021,296,22.4,
Cabrera, Miguel,408234,2021,526,23.9,
Rivera, Rene,425784,2021,78,26.0,
Wainwright, Adam,425794,2021,74,23.3,
Molina, Yadier,425877,2021,473,22.6,
Suzuki, Kurt,435559,2021,247,24.6,
Cruz Jr., Nelson,443558,2021,584,26.0,
Peralta, David,444482,2021,538,27.6,
Pina, Manny,444489,2021,208,25.1,
Escobar, Alcides,444876,2021,349,27.4,
Longoria, Evan,446334,2021,291,26.1,
Morton, Charlie,450203,2021,62,21.4,
Lester, Jon,452657,2021,51,,
Cabrera, Asdrubal,452678,2021,352,24.9,
Scherzer, Max,453286,2021,63,21.0,
Blackmon, Charlie,453568,2021,582,27.7,
Maldonado, Martin,455117,2021,426,23.5,
Chirinos, Robinson,455139,2021,112,24.8,
Cain, Lorenzo,456715,2021,286,28.7,
Solano, Donovan,456781,2021,344,26.1,
McCutchen, Andrew,457705,2021,574,28.7,
Upton, Justin,457708,2021,362,27.5,
Turner, Justin,457759,2021,612,25.5,
Posey III, Buster,457763,2021,454,24.2,
Votto, Joey,458015,2021,533,25.1,
Gardner, Brett,458731,2021,461,28.6,
Joyce, Matt,459964,2021,69,26.2,
Romine, Andrew,461865,2021,64,27.6,
Andrus, Elvis,462101,2021,541,26.7,
Sandoval, Pablo,467055,2021,86,22.7,
Ramos, Wilson,467092,2021,163,23.7,
Santana, Carlos,467793,2021,659,24.9,
Parra, Gerardo,467827,2021,107,26.0,
Mercer, Jordy,474568,2021,127,26.5,
Belt, Brandon,474832,2021,381,25.6,
Zimmerman, Ryan,475582,2021,273,26.6,
Lowrie, Jed,476704,2021,512,25.2,
Avila, Alex,488671,2021,111,24.2,
Brantley Jr., Michael,488726,2021,508,25.7,
Castro, Jason,488771,2021,179,26.6,
Miley, Wade,489119,2021,59,23.7,
Gurriel, Yuli,493329,2021,605,27.0,
Rojas, Miguel,500743,2021,539,26.6,
Escobar, Eduardo,500871,2021,599,27.4,
Adrianza, Ehire,501303,2021,209,26.9,
Lagares, Juan,501571,2021,327,28.2,
Almonte, Abraham,501659,2021,175,27.8,
Davis, Khris,501981,2021,114,25.6,
Pham, Tommy,502054,2021,561,27.8,
Martinez, J.D.,502110,2021,634,26.1,
Reddick, Josh,502210,2021,158,26.3,
Freeman, Mike,502273,2021,65,27.8,
Dyson, Jarrod,502481,2021,149,27.8,
Goldschmidt, Paul,502671,2021,679,26.2,
Gonzalez, Marwin,503556,2021,307,26.8,
Darvish, Yu,506433,2021,55,22.2,
Leon, Sandy,506702,2021,220,23.7,
Altuve, Jose,514888,2021,678,28.0,
Hernandez, Cesar,514917,2021,637,28.7,
Segura, Jean,516416,2021,567,27.3,
Castro, Starlin,516770,2021,346,26.1,
Marte, Starling,516782,2021,526,28.4,
Bumgarner, Madison,518516,2021,52,22.1,
Culberson, Charlie,518586,2021,271,28.1,
d'Arnaud, Travis,518595,2021,229,26.3,
Donaldson, Josh,518626,2021,543,24.5,
Freeman, Freddie,518692,2021,695,27.0,
Grandal, Yasmani,518735,2021,375,23.5,
Heyward, Jason,518792,2021,353,26.8,
Kelly, Merrill,518876,2021,58,23.6,
LeMahieu, DJ,518934,2021,679,26.5,
Moreland, Mitch,519048,2021,252,24.4,
Moustakas, Mike,519058,2021,206,25.2,
Rizzo, Anthony,519203,2021,576,25.2,
Romine, Austin,519222,2021,62,24.9,
Sogard, Eric,519299,2021,180,25.6,
Stanton, Giancarlo,519317,2021,579,24.7,
Vogt, Stephen,519390,2021,238,26.2,
Galvis, Freddy,520471,2021,394,25.8,
Perez, Salvador,521692,2021,665,26.1,
Flores, Wilmer,527038,2021,436,24.6,
Garcia, Avisail,541645,2021,515,28.7,
Inciarte, Ender,542255,2021,89,26.8,
Ozuna, Marcell,542303,2021,208,26.5,
Villar, Jonathan,542340,2021,505,27.3,
Ortega, Rafael,542364,2021,330,27.5,
Santana, Danny,542454,2021,127,28.0,
Aguilar, Jesus,542583,2021,510,24.3,
Berti, Jon,542932,2021,271,29.9,
Crawford, Brandon,543063,2021,549,25.8,
Cron, C.J.,543068,2021,547,25.9,
DeSclafani, Anthony,543101,2021,62,22.7,
Dickerson, Alex,543105,2021,312,26.7,
Gomes, Yan,543228,2021,375,26.3,
Grossman, Robbie,543257,2021,671,27.8,
Harrison, Josh,543281,2021,558,26.7,
Hendricks, Kyle,543294,2021,61,22.2,
Hicks, Aaron,543305,2021,126,26.9,
Higashioka, Kyle,543309,2021,211,25.4,
Hosmer, Eric,543333,2021,565,26.0,
McCann, James,543510,2021,412,26.7,
Miller, Brad,543543,2021,377,27.5,
Nola, Austin,543592,2021,194,26.0,
Rendon, Anthony,543685,2021,249,25.2,
Semien, Marcus,543760,2021,724,28.6,
Shaw, Travis,543768,2021,250,25.1,
Springer III, George,543807,2021,342,28.4,
Vazquez, Christian,543877,2021,498,25.2,
Wong, Kolten,543939,2021,492,26.7,
Gregorius, Didi,544369,2021,408,27.7,
Garcia, Leury,544725,2021,474,28.4,
Vargas, Ildemaro,545121,2021,83,27.0,
Grichuk, Randal,545341,2021,545,28.1,
Marisnick, Jake,545350,2021,198,28.8,
Stassi, Max,545358,2021,319,26.4,
Trout, Mike,545361,2021,146,29.3,
Herrera, Odubel,546318,2021,492,27.3,
Alford, Anthony,546990,2021,148,29.6,
Almora Jr., Albert,546991,2021,54,28.0,
Ruiz, Rio,547004,2021,141,25.7,
Harper, Bryce,547180,2021,599,27.8,
Perez, Roberto,547379,2021,161,24.7,
Abreu, Jose,547989,2021,659,26.5,
Diaz, Elias,553869,2021,371,25.8,
Narvaez, Omar,553882,2021,445,25.2,
Astudillo, Willians,553902,2021,216,24.2,
Suarez, Eugenio,553993,2021,574,26.7,
Wheeler, Zack,554430,2021,73,23.2,
Polanco, Gregory,570256,2021,382,27.2,
Gonzalez, Erik,570481,2021,229,27.5,
Urshela, Gio,570482,2021,442,25.7,
Schoop, Jonathan,570731,2021,674,27.0,
Arenado, Nolan,571448,2021,653,25.4,
Barnhart, Tucker,571466,2021,388,24.3,
Corbin, Patrick,571578,2021,63,22.8,
Farmer, Kyle,571657,2021,529,27.0,
Goodwin, Brian,571718,2021,271,27.3,
Hamilton, Billy,571740,2021,135,29.5,
Haniger, Mitch,571745,2021,691,27.2,
Hernandez, Enrique,571771,2021,585,27.4,
Holt, Brock,571788,2021,260,26.1,
Lamb, Jake,571875,2021,170,26.0,
Muncy, Max,571970,2021,592,26.7,
Myers, Wil,571976,2021,500,28.3,
Naquin, Tyler,571980,2021,454,27.7,
Owings, Chris,572008,2021,50,28.2,
Piscotty, Stephen,572039,2021,188,25.8,
Pollock, AJ,572041,2021,422,27.8,
Seager, Kyle,572122,2021,670,25.5,
Taylor, Michael A.,572191,2021,528,28.2,
Voit III, Luke,572228,2021,241,24.9,
Walker, Christian,572233,2021,445,27.4,
Zunino, Mike,572287,2021,375,26.0,
Carpenter, Matt,572761,2021,249,25.7,
Dickerson, Corey,572816,2021,365,27.2,
Garneau, Dustin,572863,2021,68,26.3,
Ruf, Darin,573131,2021,312,25.9,
Stroman, Marcus,573186,2021,58,24.1,
Yastrzemski, Mike,573262,2021,532,27.3,
Contreras, Willson,575929,2021,483,27.6,
Iglesias, Jose,578428,2021,511,28.3,
Torreyes, Ronald,591720,2021,344,26.9,
Valera, Breyvic,591971,2021,97,26.9,
Bryant, Kris,592178,2021,586,27.9,
Canha, Mark,592192,2021,625,27.8,
Casali, Curt,592200,2021,231,24.9,
Castellanos, Nick,592206,2021,585,27.6,
DeShields, Delino,592261,2021,58,28.3,
Drury, Brandon,592273,2021,88,26.4,
Gamel, Ben,592325,2021,400,27.7,
Gausman, Kevin,592332,2021,62,23.4,
Goodrum, Niko,592348,2021,325,28.5,
Gray, Jon,592351,2021,50,22.7,
Jones, JaCoby,592444,2021,105,27.4,
Judge, Aaron,592450,2021,633,27.6,
Machado, Manny,592518,2021,640,26.4,
Marmolejos, Jose,592530,2021,122,25.7,
Moran, Colin,592567,2021,359,23.9,
Pederson, Joc,592626,2021,481,26.9,
Ramos, Henry,592656,2021,55,26.3,
Realmuto, J.T.,592663,2021,537,28.8,
Renfroe, Hunter,592669,2021,572,27.3,
Rosario, Eddie,592696,2021,412,27.2,
Simmons, Andrelton,592743,2021,451,26.2,
Walker, Taijuan,592836,2021,51,27.2,
Wilkerson, Stevie,592859,2021,76,27.0,
Yelich, Christian,592885,2021,475,28.3,
Merrifield, Whit,593160,2021,720,28.6,
Bogaerts, Xander,593428,2021,603,27.7,
Rivas, Webster,593590,2021,77,25.4,
Alberto, Hanser,593643,2021,255,26.8,
Polanco, Jorge,593871,2021,644,28.0,
Sano, Miguel,593934,2021,532,26.5,
Difo, Wilmer,594694,2021,240,28.6,
Calhoun, Kole,594777,2021,182,24.7,
Duvall, Adam,594807,2021,555,28.6,
Eaton, Adam,594809,2021,288,28.0,
Gosselin, Phil,594838,2021,373,29.2,
Kiermaier, Kevin,595281,2021,390,29.2,
Knapp, Andrew,595284,2021,159,27.4,
Wallach, Chad,595453,2021,66,24.1,
Alfaro, Jorge,595751,2021,311,28.4,
Profar, Jurickson,595777,2021,412,26.3,
Baez, Javier,595879,2021,547,28.6,
Cave, Jake,595909,2021,178,27.9,
Evans, Phillip,595943,2021,247,27.6,
Gallagher, Cam,595956,2021,124,24.7,
Hedges, Austin,595978,2021,312,24.5,
Lindor, Francisco,596019,2021,524,27.8,
Nogowski Jr., John,596056,2021,143,25.1,
Odor, Rougned,596059,2021,361,26.7,
Slater, Austin,596103,2021,306,28.4,
Story, Trevor,596115,2021,595,28.7,
Vogelbach, Daniel,596129,2021,258,24.3,
Sanchez, Gary,596142,2021,440,25.3,
Kepler, Max,596146,2021,490,27.4,
Quinn, Roman,596451,2021,62,30.0,
Franco, Maikel,596748,2021,403,25.0,
Garcia, Robel,596825,2021,117,27.1,
Choi, Ji-Man,596847,2021,305,25.4,
Bradley Jr., Jackie,598265,2021,428,27.2,
La Stella, Tommy,600303,2021,242,24.9,
Severino, Pedro,600474,2021,419,25.9,
Nunez, Renato,600524,2021,55,27.0,
Candelario, Jeimer,600869,2021,626,27.2,
Daza, Yonathan,602074,2021,331,28.3,
Urias, Ramon,602104,2021,296,27.0,
Rondon, Jose,602922,2021,90,27.6,
Ahmed, Nick,605113,2021,473,27.8,
Anderson, Brian,605119,2021,264,27.0,
Barnes, Austin,605131,2021,225,26.9,
Bell, Josh,605137,2021,568,26.2,
Betts, Mookie,605141,2021,550,27.1,
Caratini, Victor,605170,2021,356,24.9,
Davis, J.D.,605204,2021,211,26.9,
Garcia, Aramis,605244,2021,94,25.8,
Musgrove, Joe,605397,2021,57,26.7,
Nola, Aaron,605400,2021,63,24.4,
Panik, Joe,605412,2021,257,26.2,
Perez, Michael,605421,2021,231,25.1,
Woodruff, Brandon,605540,2021,58,20.3,
Zimmer, Bradley,605548,2021,348,29.4,
Castro, Harold,605612,2021,339,26.2,
Arcia, Orlando,606115,2021,89,26.8,
Tapia, Raimel,606132,2021,533,28.3,
Aquino, Aristides,606157,2021,204,28.3,
Hernandez, Teoscar,606192,2021,595,28.5,
Mercedes, Yermin,606213,2021,262,26.4,
Peraza, Jose,606299,2021,154,27.6,
Marte, Ketel,606466,2021,374,26.7,
Greiner, Grayson,606988,2021,82,26.5,
Haase, Eric,606992,2021,381,27.9,
Nimmo, Brandon,607043,2021,386,28.9,
Peterson, Jace,607054,2021,302,28.1,
Turner, Trea,607208,2021,646,30.7,
Smith, Kevan,607345,2021,106,25.4,
Beaty, Matt,607461,2021,234,27.1,
Blandino, Alex,607468,2021,82,25.0,
Pillar, Kevin,607680,2021,347,27.6,
Stallings, Jacob,607732,2021,427,24.1,
Ramirez, Jose,608070,2021,636,28.2,
Bregman, Alex,608324,2021,400,25.6,
Fried, Max,608331,2021,67,26.1,
Gallo, Joey,608336,2021,616,27.4,
Kelly, Carson,608348,2021,359,25.6,
Seager, Corey,608369,2021,409,26.5,
Winker, Jesse,608385,2021,485,25.8,
Marquez, German,608566,2021,60,24.7,
Mazara, Nomar,608577,2021,181,26.4,
Murphy, Tom,608596,2021,325,27.0,
Jankowski, Travis,608671,2021,157,28.7,
Mayfield, Jack,608686,2021,290,27.2,
Plawecki, Kevin,608700,2021,173,25.4,
Refsnyder, Rob,608701,2021,157,27.3,
Mondesi, Adalberto,609275,2021,136,28.5,
Andujar, Miguel,609280,2021,162,27.6,
Vosler, Jason,613564,2021,82,26.4,
Cordero, Franchy,614173,2021,136,28.6,
Reyes, Franmil,614177,2021,466,26.1,
Torrens, Luis,620443,2021,378,26.8,
Robertson, Daniel,621002,2021,90,26.5,
Martin Jr., Richie,621006,2021,105,29.4,
Schrock, Max,621011,2021,134,27.2,
Swanson, Dansby,621020,2021,653,28.4,
Newman, Kevin,621028,2021,554,28.4,
Taylor, Chris,621035,2021,582,28.8,
Correa, Carlos,621043,2021,640,26.9,
Buehler, Walker,621111,2021,82,24.7,
Dahl, David,621311,2021,220,27.7,
Phillips, Brett,621433,2021,292,28.5,
Taylor, Tyrone,621438,2021,271,28.6,
Buxton, Byron,621439,2021,254,30.0,
Brinson, Lewis,621446,2021,290,28.6,
Bolt, Skye,621450,2021,60,29.0,
Duggar, Steven,621453,2021,297,28.5,
Rios, Edwin,621458,2021,60,26.3,
Stewart, DJ,621466,2021,318,26.7,
Ward, Taylor,621493,2021,237,28.3,
Mathisen, Wyatt,621500,2021,51,,
Nido, Tomas,621512,2021,161,25.6,
Wisdom, Patrick,621550,2021,375,28.1,
Wendle, Joey,621563,2021,501,27.9,
Olson, Matt,621566,2021,673,25.9,
Jones, Taylor,622100,2021,108,26.3,
Duffy, Matt,622110,2021,322,26.4,
Walton, Donovan,622268,2021,69,27.0,
Castillo, Luis,622491,2021,59,25.0,
Margot, Manuel,622534,2021,464,28.6,
Reyes, Pablo,622569,2021,87,27.8,
Senzatela, Antonio,622608,2021,51,22.6,
Reyes, Victor,622682,2021,220,28.8,
Mateo, Jorge,622761,2021,209,30.4,
Velazquez, Andrew,623205,2021,68,29.3,
Bote, David,623520,2021,327,27.2,
Ramirez, Harold,623912,2021,361,28.6,
Santander, Anthony,623993,2021,438,26.1,
Alonso, Pete,624413,2021,637,26.0,
Arroyo, Christian,624414,2021,181,27.9,
Biggio, Cavan,624415,2021,294,28.3,
Conforto, Michael,624424,2021,479,27.0,
Frazier, Adam,624428,2021,639,27.1,
Trevino, Jose,624431,2021,302,24.5,
Gordon, Nick,624503,2021,216,27.9,
McGuire, Reese,624512,2021,217,26.3,
Nunez, Dom,624513,2021,263,25.3,
Soler, Jorge,624585,2021,602,26.9,
Sosa, Edmundo,624641,2021,326,29.7,
Heredia, Guillermo,628338,2021,347,27.8,
Hernandez, Yadiel,628450,2021,289,25.3,
Ibanez, Andy,628451,2021,272,28.0,
Urias, Julio,628711,2021,70,22.3,
Cronenworth, Jake,630105,2021,643,28.5,
Frazier, Jackson,640449,2021,218,27.1,
Meadows, Austin,640457,2021,591,27.5,
Mercado, Oscar,640458,2021,238,28.9,
Pinder, Chad,640461,2021,233,26.6,
Anderson, Tim,641313,2021,551,28.0,
Bauers, Jake,641343,2021,315,27.5,
Bellinger, Cody,641355,2021,350,28.1,
Calhoun, Willie,641432,2021,284,26.1,
Collins, Zack,641470,2021,231,25.2,
Crawford, J.P.,641487,2021,687,27.5,
Davis, Jonathan,641505,2021,103,28.8,
Dozier, Hunter,641531,2021,543,28.2,
Engel, Adam,641553,2021,140,29.7,
Fargas, Johneshwy,641561,2021,54,28.3,
Fraley, Jake,641584,2021,265,27.7,
Garver, Mitch,641598,2021,243,25.6,
Guillorme, Luis,641645,2021,156,25.9,
Hampson, Garrett,641658,2021,494,29.9,
Heim, Jonah,641680,2021,285,26.0,
Lewis, Kyle,641786,2021,147,27.7,
Locastro, Tim,641796,2021,156,30.7,
Mahle, Tyler,641816,2021,66,25.8,
Mancini III, Trey,641820,2021,616,26.6,
Martin, Jason,641829,2021,154,27.5,
McKinney, Billy,641856,2021,300,27.6,
McMahon, Ryan,641857,2021,596,26.2,
Neuse, Sheldon,641914,2021,66,27.0,
O'Neill, Tyler,641933,2021,537,29.7,
Sisco, Chance,642082,2021,83,24.9,
Smith, Dominic,642086,2021,493,26.2,
Tellez, Rowdy,642133,2021,325,25.1,
Valaika, Pat,642162,2021,281,27.0,
VanMeter, Josh,642165,2021,310,26.9,
Wade, Tyler,642180,2021,145,29.1,
White, Eli,642201,2021,220,30.5,
Williams, Justin,642211,2021,137,27.0,
Wong, Kean,642221,2021,66,27.6,
Mejia, Francisco,642336,2021,277,27.0,
Sierra, Magneuris,642423,2021,225,28.9,
Rosario, Amed,642708,2021,588,29.5,
Adames, Willy,642715,2021,555,28.0,
Gutierrez, Kelvin,642721,2021,295,28.3,
Alcantara, Sergio,642727,2021,255,27.2,
Estrada, Thairo,642731,2021,132,28.5,
Leyba, Domingo,642736,2021,96,26.4,
Wynns, Austin,642851,2021,139,25.1,
Benintendi, Andrew,643217,2021,538,27.6,
Cooper, Garrett,643265,2021,250,26.1,
Craig, Will,643269,2021,65,26.0,
Dubon, Mauricio,643289,2021,187,27.9,
Jansen, Danny,643376,2021,205,27.6,
Kemp, Tony,643393,2021,397,26.6,
Kiner-Falefa, Isiah,643396,2021,677,28.0,
Long Jr., Shed,643418,2021,121,26.5,
McNeil, Jeff,643446,2021,426,27.0,
Schwindel, Frank,643524,2021,259,26.2,
Tauchman, Mike,643565,2021,191,27.3,
Chang, Yu,644374,2021,251,28.3,
Alcantara, Sandy,645261,2021,64,24.5,
Albies, Ozzie,645277,2021,686,28.4,
Robles, Victor,645302,2021,369,28.3,
Ford, Mike,645801,2021,72,23.1,
Devers, Rafael,646240,2021,664,26.8,
Naylor, Josh,647304,2021,250,26.2,
Toro, Abraham,647351,2021,375,28.1,
Diaz, Aledmys,649557,2021,319,27.1,
Urias, Luis,649966,2021,570,26.5,
Diaz, Lewin,650331,2021,128,25.5,
Arraez, Luis,650333,2021,479,26.8,
Jimenez, Eloy,650391,2021,231,27.5,
Torres, Gleyber,650402,2021,516,27.0,
Castro, Willi,650489,2021,450,28.7,
Diaz, Yandy,650490,2021,541,26.5,
De La Cruz, Bryan,650559,2021,219,28.2,
Rengifo, Luis,650859,2021,190,28.1,
Pozo, Yohel,650968,2021,77,25.1,
Adams, Riley,656180,2021,120,26.3,
Bradley, Bobby,656252,2021,279,27.0,
Chapman, Matt,656305,2021,622,28.1,
Chavis, Michael,656308,2021,124,28.7,
Diaz, Isan,656371,2021,278,25.8,
Ellis, Drew,656403,2021,83,27.0,
Hill, Derek,656537,2021,150,30.5,
Hilliard, Sam,656541,2021,238,28.9,
Hoskins, Rhys,656555,2021,443,26.4,
Jackson, Alex,656577,2021,151,26.9,
Joe, Connor,656582,2021,211,27.0,
Luplow, Jordan,656669,2021,193,27.6,
McKinstry, Zach,656716,2021,172,27.9,
Mullins II, Cedric,656775,2021,675,28.5,
O'Hearn, Ryan,656811,2021,254,27.8,
Peters, DJ,656847,2021,240,29.0,
Rivera, Emmanuel,656896,2021,98,27.4,
Schwarber, Kyle,656941,2021,471,26.8,
Smith, Pavin,656976,2021,545,26.5,
Thomas, Lane,657041,2021,264,29.0,
Tucker, Cole,657061,2021,131,27.6,
Verdugo, Alex,657077,2021,604,27.0,
White, Evan,657108,2021,104,28.0,
Alvarez, Eddy,657193,2021,74,28.0,
Webb, Logan,657277,2021,53,23.7,
O'Grady, Brian,657434,2021,61,27.9,
DeJong, Paul,657557,2021,402,27.5,
Laureano, Ramon,657656,2021,378,27.6,
Sheets, Gavin,657757,2021,179,26.7,
Fuentes, Joshua,658069,2021,284,27.6,
Olivares, Edward,658668,2021,111,29.3,
Moncada, Yoan,660162,2021,616,27.7,
Ohtani, Shohei,660271,2021,639,28.8,
Tsutsugo, Yoshi,660294,2021,262,26.2,
Arauz, Jonathan,660620,2021,75,27.0,
Hernandez, Yonny,660634,2021,166,26.8,
Acuna Jr., Ronald,660670,2021,360,29.4,
Ruiz, Keibert,660688,2021,96,25.6,
Sanchez, Jesus,660821,2021,251,27.8,
Park, Hoy,660829,2021,150,28.3,
Contreras, William,661388,2021,185,27.0,
Varsho, Daulton,662139,2021,315,28.4,
Jones, Jahmai,663330,2021,72,28.3,
Nootbaar, Lars,663457,2021,124,28.4,
Hoerner, Nico,663538,2021,170,28.8,
Riley, Austin,663586,2021,662,27.8,
Madrigal, Nick,663611,2021,215,28.1,
Larnach, Trevor,663616,2021,301,26.5,
Mountcastle, Ryan,663624,2021,586,28.1,
McKenna, Ryan,663630,2021,197,29.3,
Hayes, Ke'Bryan,663647,2021,396,27.8,
Tucker, Kyle,663656,2021,567,27.4,
Cameron, Daz,663662,2021,115,28.2,
India, Jonathan,663697,2021,631,28.5,
Raleigh, Cal,663728,2021,148,27.0,
Grisham, Trent,663757,2021,527,28.8,
Vierling, Matt,663837,2021,77,29.2,
Stephenson, Tyler,663886,2021,402,26.9,
Williams, Luke,663897,2021,108,28.9,
Rodgers, Brendan,663898,2021,415,26.8,
Lowe, Nathaniel,663993,2021,642,27.3,
Happ, Ian,664023,2021,535,27.7,
France, Ty,664034,2021,650,25.3,
Lowe, Brandon,664040,2021,615,27.6,
Bader, Harrison,664056,2021,401,29.5,
Stevenson, Andrew,664057,2021,213,29.3,
Fletcher, David,664058,2021,665,27.7,
Haggerty, Sam,664059,2021,94,29.5,
Moore, Dylan,664238,2021,377,28.4,
Garlick, Kyle,664247,2021,107,26.8,
Straw, Myles,664702,2021,638,29.3,
Isbel, Kyle,664728,2021,83,28.2,
Bohm, Alec,664761,2021,417,27.8,
Wade Jr., LaMonte,664774,2021,381,26.5,
Tom, Ka'ai,664789,2021,133,28.1,
Mazeika, Patrick,664850,2021,87,25.8,
Zavala, Seby,664874,2021,104,25.7,
Mendick, Danny,664901,2021,186,26.6,
Brown, Seth,664913,2021,307,28.1,
McCarthy, Jake,664983,2021,70,30.1,
Walsh, Jared,665120,2021,585,27.0,
Maton, Nick,665155,2021,131,27.2,
Celestino, Gilberto,665482,2021,62,28.3,
Tatis Jr., Fernando,665487,2021,546,29.3,
Guerrero Jr., Vladimir,665489,2021,698,26.8,
Pache, Cristian,665506,2021,68,28.9,
Marchan, Rafael,665561,2021,56,27.8,
Soto, Juan,665742,2021,654,27.0,
Taveras, Leody,665750,2021,185,29.7,
Chisholm Jr., Jazz,665862,2021,507,29.1,
Gimenez, Andres,665926,2021,210,29.0,
Kirilloff, Alex,666135,2021,231,27.4,
Lux, Gavin,666158,2021,381,29.1,
Rortvedt, Ben,666163,2021,98,26.7,
Adell, Jo,666176,2021,140,29.9,
Bichette, Bo,666182,2021,690,28.0,
Carlson, Dylan,666185,2021,619,28.0,
Kieboom, Carter,666198,2021,249,27.4,
Trammell, Taylor,666211,2021,178,28.0,
Castro, Rodolfo,666801,2021,93,27.4,
Dalbec, Bobby,666915,2021,453,28.2,
Garcia, Adolis,666969,2021,622,28.4,
Gurriel Jr., Lourdes,666971,2021,541,26.6,
Rooker Jr., Brent,667670,2021,213,27.3,
Arozarena, Randy,668227,2021,604,28.8,
Barrera, Tres,668663,2021,107,24.7,
Rogers, Jake,668670,2021,127,27.2,
Baddoo, Akil,668731,2021,461,28.9,
Knizner, Andrew,668800,2021,185,25.7,
Reynolds, Bryan,668804,2021,646,28.7,
Rojas, Josh,668942,2021,550,27.6,
Marsh, Brandon,669016,2021,260,29.1,
Burnes, Corbin,669203,2021,59,22.8,
Murphy, Sean,669221,2021,448,25.8,
Senzel, Nick,669222,2021,124,29.1,
Edman, Tommy,669242,2021,691,28.9,
Solak, Nick,669256,2021,511,29.0,
Smith, Will,669257,2021,501,27.8,
Johnson, Daniel,669288,2021,81,28.3,
Espinal, Santiago,669289,2021,246,27.3,
Hiura, Keston,669374,2021,197,27.3,
Hays, Austin,669720,2021,529,27.4,
Lopez, Nicky,670032,2021,565,28.2,
Raley, Luke,670042,2021,72,28.9,
Short, Zack,670097,2021,184,28.4,
Rojas, Jose,670351,2021,184,27.2,
Young, Andrew,670370,2021,104,28.2,
Alvarez, Yordan,670541,2021,598,26.3,
Paredes, Isaac,670623,2021,85,26.4,
Brosseau, Mike,670712,2021,169,27.9,
Walls, Taylor,670764,2021,176,28.6,
Garcia, Luis,671277,2021,247,27.0,
Kelenic, Jarred,672284,2021,377,27.2,
Kirk, Alejandro,672386,2021,189,24.7,
Marcano, Tucupita,672779,2021,50,28.6,
Robert, Luis,673357,2021,296,28.0,
Akiyama, Shogo,673451,2021,183,28.1,
Kim, Ha-Seong,673490,2021,298,28.4,
Clement, Ernie,676391,2021,133,28.4,
Barrero, Jose,676480,2021,56,27.9,
Meyers, Jake,676694,2021,163,29.2,
Trejo, Alan,676701,2021,50,27.0,
McCormick, Chas,676801,2021,320,28.8,
Franco, Wander,677551,2021,308,28.5,
Duran, Jarren,680776,2021,112,29.3,
Jeffers, Ryan,680777,2021,293,25.8,
Miller, Owen,680911,2021,202,29.1,
Vaughn, Andrew,683734,2021,469,26.4,